Cluster,Modality,Feature,Score,SHAP Value
C0,RNA,PLA2G2A,1.0,0.5097849187574787
C0,RNA,TTC39A,0.6720621426113372,0.17662413343648375
C0,RNA,G0S2,0.6330888960594209,0.1370301764254256
C0,RNA,ADIPOQ,0.6711798973030223,0.1757278369792692
C0,RNA,CXCL10,0.8001182877419182,0.3067197747772158
C0,RNA,SPP1,0.5530235142915498,0.05568962709325398
C0,RNA,EGR1,0.6066048487018774,0.11012432881643697
C0,RNA,AGR2,0.6108068279238063,0.11439323118906286
C0,RNA,FABP4,0.8276399775406383,0.3346797909208702
C0,RNA,TMEM64,0.6125118045690902,0.1161253622782269
C0,RNA,C11orf96,0.580334836343045,0.08343592505130515
C0,RNA,POU2AF1,0.5672515463841363,0.07014426305167731
C0,RNA,MUCL1,0.7025552522920998,0.2076028940133139
C0,RNA,HVCN1,0.5757020619859113,0.07872936645106299
C0,RNA,DHRS2,0.6154953612240197,0.11915643678155252
C0,RNA,IGHA1,0.6023913953418186,0.10584376956192287
C0,RNA,MMP2,0.5551333943261038,0.057833110297182966
C0,RNA,CCL14,0.6718369414906668,0.17639534563255288
C0,RNA,KRT19,0.5622240520542009,0.06503669794011702
C0,RNA,SDK2,0.5875296386689955,0.09074531595917501
C0,Protein,ADIPOQ,0.5865600821708953,0.3855972445675
C0,Protein,APOD,0.7084643195877203,0.566756092898043
C0,Protein,C11orf96,0.7314234522302777,0.6008750875805021
C0,Protein,CCL19,0.4441702022579946,0.17399519360068771
C0,Protein,CRISPLD2,0.45539972449437244,0.19068310666057997
C0,Protein,CXCL10,0.5038038674170218,0.26261529681333906
C0,Protein,EGR1,0.5558752090988204,0.33999721962416074
C0,Protein,FABP4,1.0,0.9999999999999999
C0,Protein,FOS,0.6647762770576311,0.5018323819731724
C0,Protein,IGHA1,0.48560472101152957,0.2355699990182777
C0,Protein,MMP2,0.7553082283816677,0.6363696580064963
C0,Protein,MUCL1,0.5482582562986461,0.3286778559473307
C0,Protein,NR4A1,0.6426860563059792,0.46900465559108373
C0,Protein,PLA2G2A,0.5815055090290794,0.37808576942457384
C0,Protein,PROX1,0.45258682954542895,0.18650293359831793
C0,Protein,RNASE1,0.5703310649756343,0.3614797066793194
C0,Protein,STC2,0.4898086345642219,0.24181733015150852
C0,Protein,THBS2,0.48577219919950293,0.23581888417843822
C0,Protein,TNXB,0.7211512477199906,0.5856098205288206
C0,Protein,ZFP36,0.5474958087747022,0.3275448016887008
C0,Niche,PLA2G2A,0.7419608646939866,0.316346430794342
C0,Niche,G0S2,0.4688945321397802,0.01770415219718091
C0,Niche,LTF,0.5572957126035216,0.11438516635746687
C0,Niche,SFRP2,0.6768902157184165,0.24518113297791244
C0,Niche,SLIT3,0.46175130467644826,0.009891875574746023
C0,Niche,F13A1,0.476955710659861,0.0265203570324567
C0,Niche,GMNN,0.546446433636072,0.10251972193717307
C0,Niche,AGR3,0.4801742834578211,0.03004038788072272
C0,Niche,ABCB5,0.5198387732286596,0.07341993413879355
C0,Niche,SFRP4,0.7998834487927079,0.3796941614928674
C0,Niche,FABP4,0.7102209875718127,0.28163373246387957
C0,Niche,TMEM64,0.4711175961276221,0.020135432862894653
C0,Niche,OR4A5,0.45270657665613334,0.0
C0,Niche,KRT8,0.9999999999999999,0.5985540343982451
C0,Niche,MUCL1,0.4588706186226339,0.0067413786277691345
C0,Niche,CMA1,0.5531370763422588,0.10983702379700033
C0,Niche,FOS,0.6234679778779867,0.1867552600876382
C0,Niche,ACAN,0.5498286214885463,0.10621869235750514
C0,Niche,PLTP,0.5222312017108369,0.07603644232057905
C0,Niche,PARD6B,0.5027224722512937,0.054700485727771975
C1,RNA,PIGR,0.4215969082338545,0.12639730260242593
C1,RNA,ABI3BP,0.4103545232357889,0.11636056847048226
C1,RNA,CPB1,0.7036197200476673,0.37817554910487844
C1,RNA,SPP1,0.5674468033580592,0.25660602795611137
C1,RNA,BMPR1B,0.6375353607401355,0.31917817935071496
C1,RNA,MZB1,0.6789340641264728,0.3561372213482413
C1,RNA,STC2,0.47324400770271924,0.1725056867348177
C1,RNA,TFPI2,0.45299517391487776,0.15442836939997706
C1,RNA,CA2,0.9584555408524039,0.6056823798309996
C1,RNA,SLC30A8,0.4286544762089994,0.13269800600271314
C1,RNA,SCGB2A2,0.42390216330870306,0.128455338534886
C1,RNA,RASGRP2,0.395291718269308,0.10291312215407311
C1,RNA,POU2AF1,0.5293786610095297,0.22262037244663363
C1,RNA,MUCL1,0.41223308041658524,0.11803766625520945
C1,RNA,DHRS2,1.0,0.6427715465150763
C1,RNA,SERPINA6,0.4732232206028168,0.1724871288758642
C1,RNA,IGHA1,0.7111462512239188,0.3848949233626378
C1,RNA,FSIP1,0.6574468198021904,0.3369543025504909
C1,RNA,MAF,0.42281944788585113,0.12748873519924242
C1,RNA,CD79A,0.6731578943232531,0.35098049698540784
C1,Protein,ADCY1,0.27694251342971365,0.10338672120916081
C1,Protein,AEBP1,0.23784054695339218,0.05489909329481235
C1,Protein,AIMP1,0.3035915999209403,0.13643239912478078
C1,Protein,CA2,0.305294046042248,0.13854348410369566
C1,Protein,CD79A,0.2441476649547999,0.06272011147939233
C1,Protein,CLU,0.23724364955195812,0.0541589223593863
C1,Protein,DHRS2,1.0,0.9999999999999998
C1,Protein,FSIP1,0.38661559769267684,0.23938468195575852
C1,Protein,GASK1B,0.23220001212874014,0.047904658526901844
C1,Protein,IGFBP5,0.2450003978884291,0.06377752625726957
C1,Protein,IGHA1,0.4225660899970847,0.28396438602893753
C1,Protein,KRT17,0.2317443462804324,0.0473396190136231
C1,Protein,MZB1,0.44577548018061663,0.3127447358872881
C1,Protein,POU2AF1,0.27542538103550585,0.10150543088910235
C1,Protein,SDK2,0.44811191946323703,0.31564199167233326
C1,Protein,SERPINA3,0.24306766931349827,0.06138088403065872
C1,Protein,SLC19A2,0.3380860114740567,0.17920651877231153
C1,Protein,SPP1,0.233569145953244,0.04960242611840371
C1,Protein,SYNPO2,0.3543133215971249,0.19932887696047424
C1,Protein,TMEM64,0.27702814874278436,0.10349291160239887
C1,Niche,TENT5C,0.87885260798439,0.21930659334708263
C1,Niche,RGS5,0.4820397995728991,0.00807830314707464
C1,Niche,RFTN1,0.46718613783020074,0.00017151811742943668
C1,Niche,SPP1,0.7206810959109221,0.1351099712990806
C1,Niche,BMPR1B,0.5350031395664435,0.03627133399933713
C1,Niche,MZB1,0.9120797276952618,0.23699379380035102
C1,Niche,ELOVL2,0.49057745479012393,0.012623000988535138
C1,Niche,PLN,0.666462959649185,0.10624899711267838
C1,Niche,TFPI2,0.5655352551230023,0.052523950922209184
C1,Niche,PIP,0.5101450872248341,0.02303909002304011
C1,Niche,CA2,0.9999999999999999,0.2837948254182386
C1,Niche,SLC30A8,0.46686392442873753,0.0
C1,Niche,SLC1A1,0.532463659678629,0.03491953792993174
C1,Niche,PTGDS,0.46907673430926233,0.0011779056464232274
C1,Niche,POU2AF1,0.6421609136892125,0.09331272210422697
C1,Niche,MUC19,0.640103845374289,0.09221771958975344
C1,Niche,MUCL1,0.47945711824740583,0.006703510426297021
C1,Niche,DHRS2,0.9778520035406748,0.2720051771904331
C1,Niche,IGHA1,0.7895960511481,0.17179424120012654
C1,Niche,TIMP3,0.6375175930836097,0.09084102600072097
C10,RNA,PLA2G2D,0.5231235337484988,0.15884009470095384
C10,RNA,FCRL1,0.5356223976460052,0.18088677537491138
C10,RNA,LAMP3,0.8006303160237264,0.6483328569111265
C10,RNA,CXCL9,0.5034543457626601,0.12414571686023324
C10,RNA,CXCL10,0.6035325637412521,0.30067316225732454
C10,RNA,SFRP2,0.6077518465275709,0.3081155331020583
C10,RNA,TNXB,0.6523969244956954,0.3868647526870118
C10,RNA,BACH2,0.5077611849777159,0.13174252803179565
C10,RNA,FABP4,0.6738726073401176,0.42474559736287276
C10,RNA,COL14A1,0.5668056245417018,0.2358907062433918
C10,RNA,TNC,0.48747422204557184,0.0959584601935477
C10,RNA,GFRA1,0.5116137545684107,0.13853805538826136
C10,RNA,IGHA1,0.5127732914982702,0.14058335651578013
C10,RNA,IGHD,0.9999999999999998,0.9999999999999999
C10,RNA,KRT14,0.5569963932220019,0.2185882544097053
C10,RNA,CD79B,0.45664377028368364,0.041576787538978865
C10,RNA,FCER2,0.5467068170153586,0.2004385247415974
C10,RNA,NIBAN3,0.6686879733500511,0.4156004485775383
C10,RNA,MEF2B,0.45244281541971676,0.03416674522064744
C10,RNA,CD22,0.4622623841180862,0.0514874311025163
C10,Protein,ANKRD44,0.7562442103898541,0.2685390360118577
C10,Protein,APOD,0.7177113032984541,0.21696404129334446
C10,Protein,BCL11B,0.6121537144020024,0.07567877369284903
C10,Protein,CD19,0.8817180439224008,0.43648152439984134
C10,Protein,CD79B,0.6324489654918897,0.10284328181804703
C10,Protein,CXCL10,0.6874286144595145,0.17643168506011175
C10,Protein,FABP4,0.9359051862001048,0.5090091842038335
C10,Protein,FBLN5,0.7274819657574324,0.2300417429970566
C10,Protein,FCMR,0.6464316477313378,0.12155862973974929
C10,Protein,FCRL1,0.7856312426823403,0.30787258620786717
C10,Protein,ID3,0.6269763767312405,0.09551840659496613
C10,Protein,IFIT2,0.6376335912221467,0.109782728250708
C10,Protein,IGHA2,0.9703702105993217,0.5551394553288939
C10,Protein,IGHD,0.9431111657071806,0.5186541443968861
C10,Protein,LAMP3,0.9728921349782274,0.5585149659337395
C10,Protein,NIBAN3,1.0,0.5947979277152585
C10,Protein,P2RX5,0.9641008728750905,0.5467481585277248
C10,Protein,POSTN,0.6609721194786319,0.14102056007873365
C10,Protein,SFRP1,0.6126259745832865,0.07631087799522407
C10,Protein,ZFP36,0.7681803701481551,0.2845151827124811
C10,Niche,SNORC,0.6018816424971029,0.0027495301965260177
C10,Niche,CXCL9,0.84083582059618,0.3039623847503724
C10,Niche,MMRN1,0.7831904230729169,0.23129768025345454
C10,Niche,SFRP2,0.6404297969388664,0.051341271632291186
C10,Niche,DAB2,0.619579431425228,0.02505841621283056
C10,Niche,F13A1,0.6662148191030739,0.08384449125624283
C10,Niche,PHACTR1,0.8288986836809498,0.288915068507399
C10,Niche,AKAP12,0.6007199587561134,0.001285173814495555
C10,Niche,CCL21,0.5997004217479331,0.0
C10,Niche,CD72,0.6450996549928628,0.05722784489079391
C10,Niche,CD163,0.631220360614987,0.03973234884209231
C10,Niche,PCDH9,0.939732186285202,0.4286258530821129
C10,Niche,TCL1A,0.6111222778529587,0.014397780817506867
C10,Niche,IGHD,0.6601062955506126,0.07614441322880028
C10,Niche,PLIN1,1.0,0.5045962351493677
C10,Niche,HBA2,0.7390855315264235,0.17570141326958644
C10,Niche,CD79B,0.627725682838891,0.03532714497808076
C10,Niche,SLC25A41,0.6844208655182632,0.10679405947256082
C10,Niche,NIBAN3,0.6194478035894814,0.024892493204246247
C10,Niche,MMP9,0.6169408768433582,0.021732395450926867
C11,RNA,TACSTD2,0.3252085125489419,0.11366424089143776
C11,RNA,PTGS2,0.30250684420794893,0.09151493235610744
C11,RNA,BRINP3,0.9999999999999999,0.7720372127835203
C11,RNA,PIGR,0.31480034736240836,0.10350931929975302
C11,RNA,G0S2,0.34164708977191877,0.1297028470997796
C11,RNA,LCT,0.5635847141759671,0.34624045326535813
C11,RNA,LTF,0.2650164751671684,0.05493675058925493
C11,RNA,FDCSP,0.3654766067129222,0.1529525622769277
C11,RNA,CXCL8,0.5926920076027802,0.3746395300668949
C11,RNA,BMPR1B,0.4849253992654638,0.2694950172489037
C11,RNA,STC2,0.31785419673691373,0.10648886472347877
C11,RNA,PTHLH,0.4163996963385665,0.20263662984186406
C11,RNA,RNASE1,0.28698944364832185,0.07637508943800528
C11,RNA,DHRS2,0.6388043462068684,0.41962989816170493
C11,RNA,IGHA1,0.3282982653567412,0.11667881617330253
C11,RNA,FSIP1,0.3484991554861797,0.13638819353907508
C11,RNA,PYDC1,0.2523225555600223,0.04255168982287691
C11,RNA,CLEC3A,0.42465378089495215,0.2106898822623465
C11,RNA,KRT14,0.3864959304159629,0.17346045971026078
C11,RNA,SOCS3,0.2854947737763062,0.07491678674163657
C11,Protein,BMPR1B,0.4177036422442078,0.30236823849441585
C11,Protein,BRINP3,0.7276607244544789,0.6737185009052434
C11,Protein,CRISPLD2,0.23729288138131482,0.08622352932876634
C11,Protein,CXCL8,0.46414696807226435,0.358010591011402
C11,Protein,DHRS2,0.3090089648018263,0.1721444129794166
C11,Protein,G0S2,0.5743118918030627,0.489995874406695
C11,Protein,IGHA1,0.2779547203978185,0.13493925629719208
C11,Protein,ITPRID2,0.34742795365541757,0.2181730485911729
C11,Protein,LCT,0.41008150064005866,0.2932363797717521
C11,Protein,LTF,1.0,0.9999999999999999
C11,Protein,MDK,0.30411254402770727,0.16627815844386304
C11,Protein,MTBP,0.2654586194006496,0.11996805334444624
C11,Protein,PIGR,0.20671086239208028,0.049584131720161434
C11,Protein,PTGS2,0.24378202453238113,0.09399797666446283
C11,Protein,PTHLH,0.4151255236683941,0.2992794721309321
C11,Protein,PYDC1,0.2849354551526343,0.14330266475534323
C11,Protein,REPS2,0.2627427088160597,0.1167142025174869
C11,Protein,S100A8,0.3420143368989084,0.21168715709682231
C11,Protein,S100A9,0.36731162770829506,0.24199508074018614
C11,Protein,TACSTD2,0.2622917235184808,0.11617389058976738
C11,Niche,S100A9,0.3267104209456117,0.02699242247609887
C11,Niche,S100A8,0.3440019381066322,0.03903813703969422
C11,Niche,BRINP3,1.0,0.4960232202024548
C11,Niche,G0S2,0.5038034395067332,0.15035996350376327
C11,Niche,IL1RN,0.3741886131957472,0.06006694951238836
C11,Niche,LCT,0.38995931684235935,0.07105322635698949
C11,Niche,SPAG16,0.29276879808141654,0.0033478170293916865
C11,Niche,CXCL8,0.9206635413311155,0.44075540727935425
C11,Niche,BMPR1B,0.5969837793935455,0.21527177932438826
C11,Niche,AKAP12,0.2879630362222874,0.0
C11,Niche,POU2AF1,0.3285325005691946,0.028261729897387483
C11,Niche,CD163,0.31883813072836914,0.021508383103749695
C11,Niche,DHRS2,0.38506790939007285,0.06764574640969437
C11,Niche,IGHA1,0.38135210574363687,0.0650572222401534
C11,Niche,FSIP1,0.30827776263556766,0.014151759705824635
C11,Niche,ADGRG3,0.2969472089811022,0.006258605282286583
C11,Niche,CLEC3A,0.774422133008532,0.3388798896120503
C11,Niche,KRT14,0.3326046143853673,0.031098468874269425
C11,Niche,ZFP36,0.3148418358674302,0.018724461556637012
C11,Niche,FOSB,0.4551523235508063,0.11646834771619366
C2,RNA,ZNF385B,0.33076169668723976,0.10196102847582533
C2,RNA,IGFBP5,0.35984935958513936,0.1409932457645957
C2,RNA,LTF,0.2998837889539024,0.06052651349603111
C2,RNA,CPB1,0.49242482137232435,0.3188938990346848
C2,RNA,AREG,0.2815935715229946,0.03598319616153334
C2,RNA,BMPR1B,0.3777559744616849,0.16502181365679736
C2,RNA,MZB1,0.3809525112298841,0.16931118947037982
C2,RNA,ELOVL2,0.27177524017154814,0.022808152017630035
C2,RNA,AGR3,0.33930287433131306,0.11342228278407468
C2,RNA,ADCY1,0.29439143377015514,0.053156419799895493
C2,RNA,CA2,1.0,1.0
C2,RNA,SLC30A8,0.25539752864594867,0.0008311923284362588
C2,RNA,GFRA1,0.2581358742542417,0.004505729577091
C2,RNA,MUC5B,0.2547781059246104,0.0
C2,RNA,MS4A1,0.32577362010418814,0.09526761726138377
C2,RNA,DHRS2,0.28074582175344415,0.03484561582970169
C2,RNA,SERPINA6,0.7869277503046872,0.7140821393074133
C2,RNA,SERPINA5,0.306246851138212,0.06906499342381744
C2,RNA,IGHA1,0.3151738528315669,0.08104397815886843
C2,RNA,CD79A,0.40489665901007266,0.20144141534075166
C2,Protein,ADCY1,0.7244281586719796,0.30274027229840594
C2,Protein,AGR3,0.8110916926084156,0.37912776823766203
C2,Protein,AIMP1,1.0,0.5456364704370249
C2,Protein,ARHGAP29,0.983703382311629,0.5312722071656113
C2,Protein,CA2,0.7033190956407763,0.2841341943630171
C2,Protein,DHRS2,0.511273499049893,0.11486020375356609
C2,Protein,IGFBP5,0.69071821877511,0.2730274533072792
C2,Protein,IGHA1,0.4354149110205662,0.047996468548652416
C2,Protein,LTF,0.4692698799897145,0.07783711994132753
C2,Protein,MDK,0.41915437919275317,0.03366401229458088
C2,Protein,MZB1,0.7211440705468295,0.2998455914917352
C2,Protein,NPY1R,0.6884838824753068,0.27105805109996395
C2,Protein,PPM1H,0.6498113648939519,0.23697108688877377
C2,Protein,PYDC1,0.44605642201115225,0.05737617349095436
C2,Protein,SDK2,0.5000630829106919,0.10497905099629817
C2,Protein,SERPINA5,0.45409793358144485,0.06446417122794662
C2,Protein,SERPINA6,0.5728735835556941,0.1691561225940783
C2,Protein,SQLE,0.46756201267217506,0.07633176120671814
C2,Protein,TMEM64,0.7453331846230706,0.32116650663729474
C2,Protein,ZNF385B,0.8298551764860086,0.3956663916171008
C2,Niche,SP140,0.6100817646403554,0.3478051540825905
C2,Niche,BMPR1B,0.5220686197410878,0.2487119164441628
C2,Niche,MZB1,0.46143977155012966,0.18045042131855504
C2,Niche,ADCY1,0.433817771247292,0.14935105038719554
C2,Niche,PEG10,0.34508610009620755,0.04944883026436475
C2,Niche,CA2,1.0,0.7868107185385786
C2,Niche,MTBP,0.32938474912170257,0.031770815177621425
C2,Niche,SPOCK2,0.3172767534207356,0.018138527674496807
C2,Niche,MUC5B,0.3384059853062508,0.041927746872892135
C2,Niche,MS4A1,0.6554343247568796,0.39886720875955284
C2,Niche,POU2AF1,0.41452217622297827,0.12762630705132716
C2,Niche,MUCL1,0.3348698343621542,0.03794642514839558
C2,Niche,SERPINA6,0.6382962947301581,0.37957164916971997
C2,Niche,IGHA1,0.3896557948368836,0.09962946359436126
C2,Niche,CORO1A,0.38059251394154087,0.0894251941233189
C2,Niche,PLCG2,0.37428005552859034,0.0823180518627723
C2,Niche,FOXJ1,0.3052857659132526,0.004637978683111832
C2,Niche,CD79A,0.44011359178715487,0.15643946021051863
C2,Niche,RAC2,0.32690740415574276,0.028981593934531202
C2,Niche,P2RY10,0.5547210091548368,0.2854749589117662
C3,RNA,ZNF385B,0.326844387255585,0.05938148996827319
C3,RNA,LTF,0.5042208866235188,0.281033460297468
C3,RNA,CPB1,0.5117057137454262,0.29038659718457527
C3,RNA,APOD,0.31618670700377727,0.04606351472707959
C3,RNA,AREG,0.3079692732423485,0.03579490309723693
C3,RNA,BMPR1B,0.5166844106119691,0.29660804125452467
C3,RNA,MZB1,0.3181003026612186,0.048454768638373835
C3,RNA,AGR3,0.46084721298768777,0.22683315610804278
C3,RNA,ADCY1,0.33967558444130386,0.07541552011336888
C3,RNA,CA2,1.0000000000000002,0.9005654598551525
C3,RNA,GFRA1,0.5259822796914027,0.3082267788475156
C3,RNA,MDK,0.31713627470344374,0.04725010681984293
C3,RNA,MUCL1,0.3497216962740556,0.0879692715393563
C3,RNA,DHRS2,0.3517217613450189,0.09046857874941716
C3,RNA,SERPINA6,0.7626828449048787,0.6040108700013954
C3,RNA,SERPINA5,0.3632528094457695,0.1048779257632535
C3,RNA,IGHA1,0.35800912239532334,0.0983253465283338
C3,RNA,FGF7,0.36910048722877964,0.11218525963822101
C3,RNA,CD79A,0.4168063268746829,0.171799094567893
C3,RNA,OTUD6A,0.3678801039773623,0.11066025292539661
C3,Protein,ADCY1,0.3603314753207011,0.14523634505843103
C3,Protein,AGR3,0.6645325886743487,0.5517282161690517
C3,Protein,AIMP1,1.0,1.0
C3,Protein,AKNA,0.3053169243966174,0.07172258471448595
C3,Protein,ARHGAP29,0.6441774432807725,0.5245284434708354
C3,Protein,CA2,0.43448172121681067,0.24432037491397385
C3,Protein,DHRS2,0.3278300166446221,0.10180593612463856
C3,Protein,GPR183,0.365953728388913,0.15274913863225992
C3,Protein,LTF,0.41397762493740997,0.21692156506032167
C3,Protein,MDK,0.32234579190071394,0.09447758432090692
C3,Protein,MUC5B,0.3111990987798348,0.0795827008227834
C3,Protein,MZB1,0.38222319535912036,0.1744893814531454
C3,Protein,NPY1R,0.48421872403804317,0.31078195724465074
C3,Protein,PPM1H,0.3518989245825119,0.13396826227591718
C3,Protein,SDK2,0.4284585313332332,0.23627182539080493
C3,Protein,SERPINA5,0.31684791037524973,0.0871309835021507
C3,Protein,SERPINA6,0.3323321900271818,0.10782201168125083
C3,Protein,TMEM64,0.3172887818393361,0.0877201025371866
C3,Protein,WFDC2,0.3067701421577763,0.07366446191655246
C3,Protein,ZNF385B,0.42324083988663813,0.22929963145100618
C3,Niche,ZNF385B,0.390000012029513,0.025065375853073057
C3,Niche,SP140,0.45040167716480245,0.08242120423779914
C3,Niche,STATH,0.45120102313770855,0.08318024209444325
C3,Niche,BMPR1B,0.5462029366854143,0.1733915539425216
C3,Niche,AIMP1,0.4006879019110642,0.035214314238596944
C3,Niche,ANKRD50,0.4256414153902386,0.058909512599466085
C3,Niche,MZB1,0.5409130371391807,0.16836840483120763
C3,Niche,ADCY1,0.5262166104886165,0.1544130656373217
C3,Niche,CA2,1.0,0.604305278368264
C3,Niche,MTBP,0.3964930742726129,0.031231016533217137
C3,Niche,MUC5B,0.46859031007522906,0.09969265040449948
C3,Niche,MS4A1,0.6634584335274448,0.2847342816466967
C3,Niche,POU2AF1,0.5060057426955407,0.1352213585535913
C3,Niche,FOS,0.4883775572452468,0.11848209851570107
C3,Niche,SERPINA6,0.5018102515071425,0.13123743075868022
C3,Niche,PLCG2,0.36360355884585255,0.0
C3,Niche,SYT4,0.4958540614493288,0.12558158974804584
C3,Niche,CD79A,0.454937417278967,0.0867282234400521
C3,Niche,MMP9,0.4040113672157911,0.03837018925021379
C3,Niche,P2RY10,0.45348782319061587,0.08535172712040995
C4,RNA,C1QA,0.6562905610171902,0.4069553240305491
C4,RNA,S100A9,0.368720114693362,0.00656866065248185
C4,RNA,ACKR1,0.3768610626142518,0.017903368430864486
C4,RNA,RGS13,0.8163385285060639,0.6297914064670278
C4,RNA,CR2,0.9999999999999999,0.8855047619338683
C4,RNA,DYTN,0.711096120816498,0.4832615491768628
C4,RNA,FSTL1,0.3830157939579043,0.02647265076907268
C4,RNA,STAP1,0.42063772807816907,0.07885397459704258
C4,RNA,FDCSP,0.940024853654886,0.8020008795366815
C4,RNA,PLAC8,0.37860435284417204,0.020330565548579926
C4,RNA,FABP4,0.5922263693445502,0.3177582306792499
C4,RNA,PAX5,0.36400229352607627,0.0
C4,RNA,GFRA1,0.3867027163649362,0.031605982721491066
C4,RNA,CD163,0.56849646213565,0.2847188885246543
C4,RNA,RNASE1,0.5323818488150659,0.23443621966397865
C4,RNA,TCL1A,0.40656750782810736,0.059263892893817394
C4,RNA,ELL3,0.4006533453529915,0.051029556541253185
C4,RNA,P2RX5,0.37073144635931665,0.009369054034252922
C4,RNA,SOCS3,0.5139613509331732,0.2087892111518851
C4,RNA,FCER2,0.425750419941187,0.08597241691989788
C4,Protein,ADAM28,0.4891202834742405,0.2395514448323155
C4,Protein,APOD,0.5612822317247332,0.3469650835227557
C4,Protein,C1QA,0.7673666615089121,0.6537234099986766
C4,Protein,C7,0.6108955974584579,0.4208149763033676
C4,Protein,CD163,0.4788124396760964,0.22420813667261952
C4,Protein,CLU,0.9611031914870765,0.9421017885864815
C4,Protein,CR2,0.7991999257586295,0.7011074791286716
C4,Protein,FABP4,0.8548314708503147,0.7839154801478012
C4,Protein,FCRLA,0.4600651722146007,0.19630267870809737
C4,Protein,FDCSP,0.9999999999999999,1.0
C4,Protein,FSTL1,0.4949876521201161,0.2482850701164332
C4,Protein,GZMB,0.4592853180255976,0.19514185949354357
C4,Protein,MDK,0.5838408749523762,0.38054380488140527
C4,Protein,P2RY10,0.511055582875755,0.27220231390672156
C4,Protein,RGS13,0.9731619485036356,0.9600513451136452
C4,Protein,RNASE1,0.5136876947827435,0.2761202335891094
C4,Protein,SH2D1A,0.5230916535332067,0.2901181016064156
C4,Protein,SPAG16,0.47567927305594915,0.21954439303136952
C4,Protein,SPOCK2,0.6174253178245835,0.43053451743496174
C4,Protein,TCL1A,0.5062433645274586,0.2650392883025743
C4,Niche,C1QA,0.4326739800989307,0.09330616197011266
C4,Niche,C1QC,0.4390459609450939,0.1020784395665062
C4,Niche,RGS13,0.6076990268869266,0.33426236284610267
C4,Niche,CR2,1.0,0.874341361915185
C4,Niche,EFEMP1,0.49478779483017504,0.17881797353205775
C4,Niche,LAMP3,0.4650650470542263,0.1378987993045947
C4,Niche,FDCSP,0.6427940697236958,0.38257755171030616
C4,Niche,TNXB,0.43054383940368035,0.0903736067805655
C4,Niche,NUGGC,0.40147161851698043,0.0503500100186004
C4,Niche,FABP4,0.6289593395793929,0.36353134045716096
C4,Niche,LMO2,0.4988489963314076,0.18440901151597677
C4,Niche,KRT8,0.5148945762476478,0.20649888978438524
C4,Niche,HVCN1,0.4850535901553653,0.16541693739445562
C4,Niche,RNASE1,0.5227861346252525,0.21736316298730574
C4,Niche,ELL3,0.4760775940629086,0.15305972362872589
C4,Niche,SOCS3,0.5041607082541821,0.19172162161691708
C4,Niche,FCER2,0.5990469547217286,0.3223510937055424
C4,Niche,CD209,0.40746816760642823,0.0586054323908618
C4,Niche,ZFP36,0.39878166086233174,0.046646757319193766
C4,Niche,CHRDL1,0.397564302084593,0.044970824922259234
C5,RNA,S100A2,0.3217729032324689,0.08895988933346449
C5,RNA,PIGR,0.3784609825773016,0.1496411710308888
C5,RNA,ACTG2,0.4861901312187554,0.26495893962153755
C5,RNA,NEK10,0.41694168587903563,0.19083251891133834
C5,RNA,TM4SF1,0.29969093135705943,0.06532242672593191
C5,RNA,APOD,0.43909926329196475,0.21455091283588035
C5,RNA,S100P,0.334594622476799,0.10268479175214912
C5,RNA,STC2,0.3067545518552099,0.07288362037027157
C5,RNA,ELOVL2,0.32022380618157964,0.08730167131641281
C5,RNA,PEG10,0.35063012079732375,0.11984985717670271
C5,RNA,SLC30A8,0.5122112398278782,0.2928130182891964
C5,RNA,SLC1A1,0.369215820491024,0.13974476438985323
C5,RNA,TNC,0.3236281716915039,0.09094584598057948
C5,RNA,TCN1,0.5085044661898968,0.2888451333667476
C5,RNA,MUCL1,0.3281711190082692,0.09580880604292841
C5,RNA,FSIP1,0.3373636116276938,0.10564883309248918
C5,RNA,KRT14,1.0,0.8149624279523404
C5,RNA,KRT17,0.7760002738024342,0.5751837894337042
C5,RNA,DTNA,0.46546026537273527,0.24276882763520113
C5,RNA,NIBAN3,0.35131937180121964,0.12058766016475636
C5,Protein,ACADSB,0.23309416752382267,0.04635523762492599
C5,Protein,ACTG2,0.33505269886477107,0.1731403203238121
C5,Protein,AGTR1,0.2568597979912179,0.07590771729064416
C5,Protein,APOD,1.0,1.0
C5,Protein,CXCL10,0.2297982947303356,0.04225683115327994
C5,Protein,DTNA,0.2835547569157787,0.10910280680773421
C5,Protein,GMNN,0.2453758941645486,0.061627522419049674
C5,Protein,IGHA1,0.3179229900106341,0.15183958633798073
C5,Protein,KRT14,0.6467168877256532,0.5606936661725526
C5,Protein,KRT17,0.6135257832058267,0.5194206419727276
C5,Protein,MUCL1,0.2519269464370346,0.06977373336587489
C5,Protein,NEK10,0.37486196077593203,0.2226430004547204
C5,Protein,PIGR,0.2694548340985322,0.0915696013278064
C5,Protein,S100P,0.25482156284639795,0.07337317890531153
C5,Protein,SLC1A1,0.26190442539459974,0.08218069409906908
C5,Protein,SLC30A8,0.4919901792527363,0.36829153688073274
C5,Protein,SPP1,0.2498321159254099,0.06716881883676762
C5,Protein,TACSTD2,0.24452841090671248,0.060573679905652045
C5,Protein,TCN1,0.38025088525002093,0.2293441094852211
C5,Protein,TM4SF1,0.32382106837307745,0.1591738264757313
C5,Niche,ACTG2,0.6203410131437258,0.2716144689735131
C5,Niche,ZNF385B,0.30414963602326395,0.004833642591581533
C5,Niche,FBLN2,0.4265280237610677,0.10808822122463979
C5,Niche,MYLK,0.36347977398966586,0.054892386698320805
C5,Niche,TM4SF1,0.4412540339449287,0.12051302926949187
C5,Niche,APOD,0.6708290513240868,0.31421284933044386
C5,Niche,S100P,0.3010822390898277,0.002245581221293813
C5,Niche,SPP1,0.40037225680915883,0.08601976007421108
C5,Niche,HPGD,0.29842075314862954,0.0
C5,Niche,ELOVL2,0.3233169103732906,0.021005687943220552
C5,Niche,CA2,0.4089261936325464,0.09323699147167824
C5,Niche,SLC30A8,0.5657822718763279,0.22558150560105145
C5,Niche,COL14A1,0.3373312712844337,0.032830054626265814
C5,Niche,TPM2,0.3571876546660047,0.0495835234138533
C5,Niche,TNC,0.4322762289568255,0.11293816667951834
C5,Niche,TCN1,0.3301691622567332,0.02678715306946755
C5,Niche,KRT14,0.9678837569266782,0.5648474509537158
C5,Niche,KRT17,1.0000000000000002,0.5919449573607916
C5,Niche,DTNA,0.695713917631516,0.33520901076393744
C5,Niche,MYL9,0.40128796194737526,0.0867923699275231
C6,RNA,ITPRID2,0.6857831445902378,0.43416982478300437
C6,RNA,LTF,0.7467152492416794,0.5410521269829871
C6,RNA,CPB1,0.7048726414774886,0.4676551177467112
C6,RNA,CXCL11,0.7466570411170619,0.5409500228721662
C6,RNA,BMPR1B,0.8268854717052541,0.6816804212756065
C6,RNA,SYNPO2,0.6289405138943838,0.3344609559259273
C6,RNA,MZB1,0.8103664013528351,0.6527039682288918
C6,RNA,AGR3,0.5929844426841842,0.2713896458013769
C6,RNA,SFRP4,0.7940615252383875,0.6241032378558526
C6,RNA,INHBA,0.6313332371526381,0.33865808274162834
C6,RNA,PEG10,0.6538977713085511,0.3782390125724686
C6,RNA,CLU,0.9597969169979848,0.914823217554809
C6,RNA,MTBP,0.7393413620722475,0.5281174344864732
C6,RNA,GFRA1,0.7613877515306808,0.5667894756705787
C6,RNA,KRT7,0.6183301114013895,0.3158490229850417
C6,RNA,DHRS2,0.705911001907263,0.4694765278864481
C6,RNA,IGHA1,0.8011633582482937,0.6365607143582772
C6,RNA,FSIP1,1.0,0.9853443014952554
C6,RNA,COMP,0.6180886720131836,0.31542550901320676
C6,RNA,WFDC2,0.6664768906900689,0.40030431372751796
C6,Protein,AEBP1,0.8407366827206864,0.7232804819392042
C6,Protein,AGR3,0.6800769809259786,0.44413475012920167
C6,Protein,AIMP1,0.8779441074434892,0.7879282665858114
C6,Protein,ANKRD50,0.5782174959895996,0.2671542120930477
C6,Protein,ARHGAP29,0.7300241833419571,0.5309178588647485
C6,Protein,COMP,0.8303929502773204,0.7053082790140439
C6,Protein,CPB1,0.5774233559788227,0.2657743962961081
C6,Protein,CXCL11,0.6037242139397941,0.31147205514106036
C6,Protein,DCN,0.591184773432918,0.2896848162897603
C6,Protein,DHRS2,0.8004288711392287,0.6532457847757347
C6,Protein,FSIP1,0.6816594576319686,0.4468842984803516
C6,Protein,IGHA1,0.8960033920074413,0.8193062173055954
C6,Protein,INHBA,0.5910524064978036,0.28945482915199516
C6,Protein,LTF,0.8665717255677304,0.7681687884735717
C6,Protein,MZB1,0.6506263572751367,0.392964383201843
C6,Protein,PLA2G2D,0.6729301696530688,0.4317171877871928
C6,Protein,REPS2,0.6957621352424923,0.4713876569336153
C6,Protein,SFRP4,1.0,1.0
C6,Protein,TACSTD2,0.6034341405249151,0.31096805348557055
C6,Protein,TMEM64,0.8308908760339978,0.7061734234664616
C6,Niche,COL11A1,0.6562436989549456,0.14825481439595023
C6,Niche,SERPINE2,0.5493197147231921,0.0
C6,Niche,HTR2B,0.750315121713538,0.27868898612312343
C6,Niche,SFRP2,0.620267891012509,0.0983727718629116
C6,Niche,MZB1,0.8271084907763456,0.3851663752612773
C6,Niche,PLN,0.5812678268057636,0.04429746479364771
C6,Niche,SFRP4,0.8934560254670701,0.47716015487841523
C6,Niche,INHBA,1.0000000000000002,0.6248880690866057
C6,Niche,CA2,0.5819350357026988,0.04522257932140472
C6,Niche,COL5A1,0.5587027562351317,0.013010000401846078
C6,Niche,C11orf96,0.5593182183231517,0.013863365699470775
C6,Niche,MDK,0.6529007311083002,0.14361964221080403
C6,Niche,MS4A7,0.5595699932239152,0.014212462690669225
C6,Niche,MUCL1,0.6483780289478198,0.13734871642939206
C6,Niche,ITGBL1,0.7054259501104987,0.21644817221955603
C6,Niche,IGHA1,0.86829165672008,0.4422686490597576
C6,Niche,COMP,0.6965867169340115,0.2041921860308794
C6,Niche,WFDC2,0.6321416510999786,0.11483626329187258
C6,Niche,TFF3,0.678904881473136,0.17967554223700422
C6,Niche,TIMP3,0.6226552087298711,0.10168289304512035
C7,RNA,TENT5C,0.28278822354335803,0.11504123880385761
C7,RNA,ZNF385B,0.28917296791979336,0.12291929610771143
C7,RNA,IGFBP5,0.4246060073961633,0.29002845239090036
C7,RNA,LTF,0.3178537675169113,0.15830818083430617
C7,RNA,CPB1,0.6704007781584647,0.5933115871393798
C7,RNA,AREG,0.2906717138681058,0.12476858024010398
C7,RNA,SPP1,0.329457794487468,0.1726262465296082
C7,RNA,MZB1,0.5362282872674692,0.42775780620160375
C7,RNA,PEG10,0.3195895264976037,0.16044991242281623
C7,RNA,CA2,1.0,1.0
C7,RNA,SLC30A8,0.28390466663401986,0.11641880415748199
C7,RNA,SLC1A1,0.4482676433541715,0.31922425303534074
C7,RNA,MS4A1,0.32534513461954484,0.1675516862652476
C7,RNA,POU2AF1,0.3465992111945136,0.19377682909415841
C7,RNA,CD163,0.2843064756829111,0.1169145913849324
C7,RNA,DHRS2,0.37879554967386664,0.23350349386883038
C7,RNA,SERPINA6,0.6190580579977959,0.5299604382579413
C7,RNA,IGHA1,0.4694670805024877,0.34538197694990835
C7,RNA,PYDC1,0.33563959631824913,0.18025389553051505
C7,RNA,CD79A,0.6048791749616075,0.5124652894347557
C7,Protein,ADCY1,0.4851890249506743,0.17380593202589542
C7,Protein,AGR3,0.456770569132028,0.14998388008507377
C7,Protein,AIMP1,0.7552057607101132,0.40015013401916544
C7,Protein,ARHGAP29,0.5066241477028901,0.19177413588678696
C7,Protein,CA2,0.7205834130276442,0.37112760830319025
C7,Protein,CPB1,0.48459220146268983,0.17330563882836922
C7,Protein,DHRS2,0.6263870289681801,0.2921665567941981
C7,Protein,IGFBP5,0.7296015745302332,0.378687171465114
C7,Protein,IGHA1,0.6934513590192181,0.3483838954155314
C7,Protein,LTF,0.5685908159709385,0.2437183090502195
C7,Protein,MZB1,1.0000000000000002,0.6053513286369036
C7,Protein,NPY1R,0.4581530204367083,0.15114273357788535
C7,Protein,POU2AF1,0.47549187821694217,0.16567720277181805
C7,Protein,PYDC1,0.557678301277482,0.23457078557141267
C7,Protein,SDK2,0.6575818142137182,0.31831589436356744
C7,Protein,SERPINA6,0.4675804659117086,0.1590453830817112
C7,Protein,SLC1A1,0.5242673952039439,0.20656376277774238
C7,Protein,SQLE,0.5149736563537645,0.19877319417590641
C7,Protein,SYNPO2,0.436930817703756,0.13335301203111058
C7,Protein,TMEM64,0.6293459116767376,0.29464686951843155
C7,Niche,TENT5C,0.46504748108000354,0.09630423638907556
C7,Niche,IGFBP5,0.3408793283936043,0.008299911289080697
C7,Niche,CPB1,0.3526475991586746,0.016640687114985814
C7,Niche,SPP1,0.41422749220043553,0.06028550915366984
C7,Niche,DAB2,0.32937791359944213,0.00014826994823141648
C7,Niche,MZB1,0.7746825217964224,0.3157584377765993
C7,Niche,COL12A1,0.32916871472711523,0.0
C7,Niche,TFPI2,0.3732067194480624,0.031211987940300917
C7,Niche,CA2,1.0,0.4754524669905059
C7,Niche,SLC1A1,0.4709804236918817,0.10050921648356101
C7,Niche,MS4A1,0.37002683731687463,0.028958242718210986
C7,Niche,POU2AF1,0.6207606457600403,0.2066661260554263
C7,Niche,DHRS2,0.6376263985960883,0.21861974832915373
C7,Niche,SERPINA6,0.3729511893138078,0.0310308806553711
C7,Niche,IGHA1,0.5031465097939404,0.123306968058954
C7,Niche,PLCG2,0.46077240368735756,0.09327427022987647
C7,Niche,FOXJ1,0.3602409201409789,0.022022462343639276
C7,Niche,CD79A,0.3757633029676555,0.03302396953409817
C7,Niche,MMP9,0.37274697360388076,0.030886142529385346
C7,Niche,TIMP3,0.3714547295949746,0.0299702630594256
C8,RNA,TACSTD2,0.35249008634479845,0.032847439093798614
C8,RNA,S100A9,0.4195668141731443,0.0970246604284084
C8,RNA,CD28,0.3339573902590181,0.015115850551377763
C8,RNA,RESP18,0.6123999400897567,0.28152224406523807
C8,RNA,LAMP3,0.49057554137626574,0.16496391372749158
C8,RNA,BMPR1B,0.543086228636614,0.21520473655599748
C8,RNA,GZMK,0.3622462886843997,0.04218191287039852
C8,RNA,GZMA,0.3849271734163408,0.06388237749699055
C8,RNA,AGR3,0.43571349511154833,0.11247337341654218
C8,RNA,GFRA1,0.6997316133283027,0.36507885608863355
C8,RNA,MUCL1,0.41831309467104844,0.09582513509999008
C8,RNA,PPM1H,0.4259942838865009,0.10317429175018661
C8,RNA,POSTN,0.35107689226178546,0.03149533274647681
C8,RNA,DHRS2,1.0,0.6523676272482826
C8,RNA,IGHD,0.3486691158727759,0.02919163661751306
C8,RNA,CD79B,0.3668772813896925,0.04661272298097979
C8,RNA,CD22,0.35486563930821075,0.03512030470995009
C8,RNA,WFDC2,0.4778249280252214,0.15276446748622458
C8,RNA,TFF3,0.5181239147077304,0.19132146141864093
C8,RNA,APOBEC3A,0.5193053654850132,0.19245184196170567
C8,Protein,AREG,0.27595516811066023,0.06385844257303658
C8,Protein,BMPR1B,0.32292607702066956,0.12458868728182915
C8,Protein,CCL21,0.28673838736576746,0.07780042409538429
C8,Protein,CD79B,0.2513330438225057,0.03202368212301504
C8,Protein,CXCL10,0.29271151948511404,0.08552328455739605
C8,Protein,CXCL13,0.4367914079239032,0.27180894701428326
C8,Protein,DCN,0.3404821102206876,0.14728746439928836
C8,Protein,DHRS2,1.0,1.0
C8,Protein,G0S2,0.29813255421008167,0.09253232000214107
C8,Protein,GFRA1,0.32664921269716846,0.12940245277976764
C8,Protein,GZMA,0.3796423668806059,0.19791905797505527
C8,Protein,HSPB8,0.2725446757633005,0.05944890399609659
C8,Protein,LAMP3,0.2781835602284834,0.06673960458933531
C8,Protein,LTF,0.5863045775903603,0.4651194788250962
C8,Protein,NLRC5,0.2631522108787308,0.04730507488792479
C8,Protein,POSTN,0.47060183780235704,0.31552357225523575
C8,Protein,PYDC1,0.3516318162471085,0.16170328881335133
C8,Protein,SFRP4,0.4655610135550796,0.3090061235369731
C8,Protein,SOCS3,0.2685332879077462,0.05426244770340655
C8,Protein,TACSTD2,0.29213495841650056,0.08477782964500452
C8,Niche,S100A8,0.592303109890527,0.03174118401385245
C8,Niche,RGS5,0.539017133299142,0.0016390225930278945
C8,Niche,IL1RN,0.5869358555837036,0.028709130068973965
C8,Niche,LAMP3,0.679178721746,0.08081870607298919
C8,Niche,AREG,0.7297195435747525,0.10937008252043168
C8,Niche,BMPR1B,0.7839266813636894,0.13999262368911997
C8,Niche,ANKRD50,0.5432797197522183,0.004047030734919965
C8,Niche,CD14,0.733173549728164,0.11132130979314941
C8,Niche,SFRP4,0.5633698470805848,0.015396287978357237
C8,Niche,INHBA,0.5377244190684922,0.0009087461688869758
C8,Niche,GIMAP2,0.5917679683187441,0.0314388733684019
C8,Niche,NUGGC,0.5787725033185349,0.02409751246636266
C8,Niche,CA2,0.6246774751171823,0.050030017780053226
C8,Niche,COL5A1,0.6945183072919213,0.08948430084612741
C8,Niche,GFRA1,0.6210340187975195,0.04797176686151894
C8,Niche,MUCL1,0.6637765372772189,0.07211774809547278
C8,Niche,ITGBL1,1.0,0.26205614457005366
C8,Niche,WFDC2,0.6585783732460608,0.06918121614527967
C8,Niche,MMP9,0.5361157828511167,0.0
C8,Niche,APOBEC3A,0.7573995016702798,0.12500696524292887
C9,RNA,LAMP3,0.5220751901049744,0.06871471919401018
C9,RNA,S100P,0.5085963636432483,0.054444785613367186
C9,RNA,FDCSP,0.9453889718282965,0.516873879497425
C9,RNA,AREG,0.4744031950723895,0.01824473171376384
C9,RNA,BMPR1B,0.5496135049540176,0.0978693288282051
C9,RNA,AEBP1,0.5783870008906324,0.12833161551646433
C9,RNA,ADCY1,0.5755994337153582,0.1253804388279226
C9,RNA,PEG10,0.7503707385266349,0.3104095226684941
C9,RNA,CA2,0.4820945714137347,0.026387534786893485
C9,RNA,SLC30A8,0.5451556361113153,0.09314981615570261
C9,RNA,SLC1A1,0.6423106413160107,0.19600709940916505
C9,RNA,MUC5B,0.48546576871254343,0.02995659635748682
C9,RNA,PTHLH,0.5364461595860884,0.08392915797080291
C9,RNA,MUCL1,1.0,0.5746901698839573
C9,RNA,DCN,0.48058155157964466,0.024785711913072217
C9,RNA,DHRS2,0.47526423794473044,0.01915631141495522
C9,RNA,SERPINA6,0.5899796299380483,0.14060464588757227
C9,RNA,FSIP1,0.6024489388561619,0.15380581073402677
C9,RNA,KRT19,0.5523481961778572,0.10076452613922993
C9,RNA,WFDC2,0.5216032672896461,0.06821509801044146
C9,Protein,AEBP1,0.4183908391467348,0.1463063824601516
C9,Protein,CCL19,0.507990394032774,0.2778217939925378
C9,Protein,CLU,0.7088722241802884,0.5726788007581562
C9,Protein,DCN,0.41653636790598636,0.14358436504932615
C9,Protein,FDCSP,0.6407094234550929,0.47262854046416347
C9,Protein,LTF,0.8835609474185355,0.8290892188229104
C9,Protein,MMP2,0.4447342238287007,0.18497355086306666
C9,Protein,MS4A1,0.3724190974096896,0.07882845200505151
C9,Protein,MUCL1,1.0,1.0
C9,Protein,NQO1,0.3921292399492854,0.10775925987294677
C9,Protein,PEG10,0.5238505004387324,0.3011014679103382
C9,Protein,PKIB,0.407177084557662,0.1298466851828508
C9,Protein,PPM1H,0.4374254703552708,0.17424566586330903
C9,Protein,PTGDS,0.4221081825464767,0.1517627482606967
C9,Protein,PYDC1,0.6754920527852261,0.5236829437628083
C9,Protein,REPS2,0.4147819162868996,0.14100915776184209
C9,Protein,SERPINA6,0.44145851206877723,0.18016541782361406
C9,Protein,SLC1A1,0.9973194271000198,0.996065419649329
C9,Protein,THRSP,0.4055586264094297,0.12747109091027398
C9,Protein,ZNF385B,0.4897232878569323,0.25100909398217264
C9,Niche,FDCSP,0.5147338024298165,0.007833346655769458
C9,Niche,BMPR1B,0.5101118592025238,0.003451480494202075
C9,Niche,SFRP2,0.744780917830418,0.22593115118690588
C9,Niche,DUSP1,0.6372357608159844,0.1239721999000819
C9,Niche,ELOVL2,0.657370039343308,0.14306064591245982
C9,Niche,ADCY1,0.656166876353113,0.1419199786791513
C9,Niche,PEG10,0.5981651169097821,0.08693099795881098
C9,Niche,FABP4,0.5608830151282231,0.0515854361042104
C9,Niche,CA2,0.5961213252003273,0.08499336668716984
C9,Niche,MTBP,0.5237248057468619,0.016357331321106505
C9,Niche,CCL19,0.5861058784581414,0.07549815114375613
C9,Niche,GFRA1,0.5201261926247773,0.012945640546732584
C9,Niche,CD163,0.6236625251719554,0.11110399727475684
C9,Niche,PTHLH,0.8228260501497329,0.2999223941700817
C9,Niche,MUCL1,1.0000000000000002,0.46789341791086425
C9,Niche,DCN,0.5064712763307266,0.0
C9,Niche,RNASE1,0.5353936942771733,0.027420104115921773
C9,Niche,FOS,0.5719478062154537,0.06207549001998469
C9,Niche,KLF2,0.5649256621904234,0.055418096414794005
C9,Niche,MMP9,0.7635774095746419,0.24375129892126923
